website,education/learning related?,use_categorisation,digital_competency,digital_competency,digital_competency,Digital Competency,category_1,category_2,Remarks 
youtube.com,1,Reference,5 Digital Information Management,1 Digital Safety & Security,2 Digital Responsibility,F,Arts & Entertainment,,
www.google.com,1,Reference,5 Digital Information Management,1 Digital Safety & Security,2 Digital Responsibility,F,Search Engines & Platforms,,
docs.google.com,1,Create_mm_ideas,"6 Digital Communication, Collaboration & Participation",1 Digital Safety & Security,2 Digital Responsibility,C,Email and Messaging,Email and Messaging,
moe.edu.sg,,,,,,,Education/Reference,,
classroom.google.com,1,Create_mm_ideas,"6 Digital Communication, Collaboration & Participation",1 Digital Safety & Security,2 Digital Responsibility,"T, A, C",Education/Reference,,
mail.google.com,,,,,,,Email and Messaging,Email and Messaging,
translate.google.com,1,Reference,5 Digital Information Management,1 Digital Safety & Security,2 Digital Responsibility,F,Search Engines & Platforms,Computers & Technology,"Suggested Categorisation: Education/Reference

Broad student use, even in cases where a Chatbot or GPT is used to provide feedback on a piece of MTL writing, some students still feel more confortable using GoogleTranslate to understand the bot response"
drive.google.com,1,Comm_Col,"6 Digital Communication, Collaboration & Participation",1 Digital Safety & Security,2 Digital Responsibility,"A, C",Web-based Applications,File Sharing/P2P,"Suggest Cat: Education/Reference

Eg. submissions for GoogleClassroom assignment -> teacher marked"
docs.com,1,Reference,5 Digital Information Management,1 Digital Safety & Security,2 Digital Responsibility,"A, C",Computers & Technology,Computers & Technology,
accounts.google.com,1,Comm_Col,"6 Digital Communication, Collaboration & Participation",1 Digital Safety & Security,2 Digital Responsibility,C,Email and Messaging,Email and Messaging,
spotify.com,,,,,,,Arts & Entertainment,,
vle.learning.edu.sg,1,Reference,5 Digital Information Management,1 Digital Safety & Security,2 Digital Responsibility,"T, A, C",Education/Reference,,
padlet.com,1,Comm_Col,"6 Digital Communication, Collaboration & Participation",1 Digital Safety & Security,2 Digital Responsibility,C,Education/Reference,,Suggested Cat 2: Collaborative learning
kamihq.com,1,Comm_Col,"6 Digital Communication, Collaboration & Participation",1 Digital Safety & Security,2 Digital Responsibility,F,Education/Reference,Computers & Technology,
sites.google.com,1,Reference,5 Digital Information Management,1 Digital Safety & Security,2 Digital Responsibility,C,Computers & Technology,,
classroom.com,,,,,,,Computers & Technology,,Not sure if this is a wrong URL for Google Classroom
instagram.com,,,,,,,Social Networking,Social Networking,
mail.com,,,,,,,Email and Messaging,Email and Messaging,
kahoot.it,1,AfL,"6 Digital Communication, Collaboration & Participation",1 Digital Safety & Security,2 Digital Responsibility,F,Gaming,Computers & Technology,"Suggested Cat: Education/Reference

Although it's gamified it's main use is for learning"
openai.com,1,Search_Eval_org_info,5 Digital Information Management,3 Digital Knowledge Currency,1 Digital Safety & Security,"F, T, A, C",Computers & Technology,Computers & Technology,"Suggested Cat: Education/Reference

Might be interesting to see if use is weighted towards home time or class"
translate.com,1,Reference,5 Digital Information Management,1 Digital Safety & Security,2 Digital Responsibility,F,Education/Reference,Computers & Technology,
telegram.org,,,,,,,Email and Messaging,Computers & Technology,
blooket.com,1,AfL,"6 Digital Communication, Collaboration & Participation",1 Digital Safety & Security,2 Digital Responsibility,F,Gaming,Gaming,"Suggested Cat: Education/Reference

Gamified learning but not primarily a game"
canva.com,1,Create_mm_ideas,"6 Digital Communication, Collaboration & Participation",1 Digital Safety & Security,2 Digital Responsibility,"A, C",Computers & Technology,Computers & Technology,"Suggested Cat: Arts or Education/References

Canva used by students to create products to demonstrate learning. E.g., create infographic mental map of geographic area - include space, place and scale"
drive.com,,,,,,,Computers & Technology,,Not a valid domain?
adservice.google.com,,,,,,,Advertising/Marketing,,
pinterest.com,,,,,,,Social Networking,Social Networking,
ogs.google.com.sg,,,,,,,,,
earth.google.com,1,Reference,5 Digital Information Management,1 Digital Safety & Security,2 Digital Responsibility,"F, T, A,C,",Education/Reference,Computers & Technology,
notion.so,1,Create_mm_ideas,"6 Digital Communication, Collaboration & Participation",1 Digital Safety & Security,2 Digital Responsibility,"F, T, A,C,",Computers & Technology Education/Reference,Business,organsing and creating own notes with AI support 
discord.com,1,Comm_Col,"6 Digital Communication, Collaboration & Participation",1 Digital Safety & Security,2 Digital Responsibility,"F, C",Community Sites,Email and Messaging,"Discord generally not used for T&L. Only to access certain content like AI Imagine generator, Midjourney, is accessed via discord server.

Check for usage timings. Prob for leisure -> gaming or fandom communities "
2mdn.net,,,,,,,,,
tel.onl,,,,,,,Computers & Technology,Email and Messaging,
mangadex.org,,,,,,,Arts & Entertainment,,
accounts.com,,,,,,,Online Banking,Financial Services,
wikipedia.org,1,Reference,5 Digital Information Management,1 Digital Safety & Security,2 Digital Responsibility,"F, C",Education/Reference,,"Create, only if students contribute as Wiki editors"
tiktok.com,,,,,,,Social Networking,Social Networking,
media-app.com,,,,,,,,,
zoom.us,1,Comm_Col,"6 Digital Communication, Collaboration & Participation",1 Digital Safety & Security,2 Digital Responsibility,C,Computers & Technology,Email and Messaging,"Suggested Cat: Communication/Collaboration

Used probably for supporting Independent learning day"
quizizz.com,1,AfL,"6 Digital Communication, Collaboration & Participation",1 Digital Safety & Security,2 Digital Responsibility,F,Education/Reference,Education/Reference,
archiveofourown.org,,,,,,,Arts & Entertainment,Arts & Entertainment,
carousell.sg,,,,,,,Shopping,,
meet.google.com,,,,,,,Computers & Technology,Webinars/E-learning,
sites.com,,,,,,,Computers & Technology,Email and Messaging,
jamboard.google.com,1,Comm_Col,"6 Digital Communication, Collaboration & Participation",1 Digital Safety & Security,2 Digital Responsibility,C,Email and Messaging,Email and Messaging,"Suggested Cat: Communication and Collaboration

Jamboard used in place of Padlet "
amazon-adsystem.com,,,,,,,Advertising/Marketing,,
about.google,,,,,,,Search Engines & Platforms,News/Media,
webogram.org,,,,,,,Email and Messaging,Email and Messaging,
whatsapp.com,,,,,,,Email and Messaging,Computers & Technology,
character.ai,1,Create_mm_ideas,"6 Digital Communication, Collaboration & Participation",3 Digital Knowledge Currency,1 Digital Safety & Security,,Computers & Technology,,"Possibly used for learning, to generate a character with certain traits, mindsets, disposition that migth support EL writing task or character study in literature"
criteo.com,,,,,,,Shopping,Advertising/Marketing,
shopee.sg,,,,,,,Shopping,Shopping,
apps.chrome,,,,,,,Computers & Technology,Computers & Technology,
fandom.com,,,,,,,Arts & Entertainment,Arts & Entertainment,Contribution to Fandom wiki - writing for a real audience
chess.com,,,,,,,Gaming,Gaming,
pubmatic.com,,,,,,,Advertising/Marketing,News/Media,
webtoons.com,,,,,,,Arts & Entertainment,Arts & Entertainment,"Check access timings

Possibly used to create comics to illustrate a historical event"
rhythm-plus.com,,,,,,,Arts & Entertainment,Gaming,
netflix.com,,,,,,,Arts & Entertainment,Arts & Entertainment,
history.com,,,,,,,Arts & Entertainment,Arts & Entertainment,
bilibili.com,,,,,,,Arts & Entertainment,Arts & Entertainment,
googleusercontent.com,,,,,,,Advertising/Marketing,,
rubiconproject.com,,,,,,,Advertising/Marketing,News/Media,
camera-app.com,,,,,,,Computers & Technology,,
facebook.com,,,,,,,Social Networking,,
myskillsfuture.gov.sg,1,Reference,5 Digital Information Management,1 Digital Safety & Security,2 Digital Responsibility,,Education/Reference,Education/Reference,
openx.net,,,,,,,,,
web.com,,,,,,,Computers & Technology,,
open.com,,,,,,,Financial Services,Business,
calendar.google.com,1,planning_notes,5 Digital Information Management,1 Digital Safety & Security,2 Digital Responsibility,,Computers & Technology,Computers & Technology,
github.io,1,Coding,9 Coding & Programming,4 Computational Thinking,"6 Digital Communication, Collaboration & Participation",,Web-based Applications,Computers & Technology,"How often used?

Possible for O levels Computing coursework"
bandlab.com,1,Create_mm_ideas,"6 Digital Communication, Collaboration & Participation",1 Digital Safety & Security,2 Digital Responsibility,,Computers & Technology,Arts & Entertainment,"Suggested Cat: Education/Reference

Students use BandLab for music assignments
Mainly Chrome schools"
mangago.me,,,,,,,Arts & Entertainment,,
keep.google.com,1,planning_notes,5 Digital Information Management,1 Digital Safety & Security,2 Digital Responsibility,,Email and Messaging,Email and Messaging,Note-taking
myaccount.google.com,,,,,,,Computers & Technology,Email and Messaging,
personalization.com,,,,,,,,,
classkick.com,1,AfL,"6 Digital Communication, Collaboration & Participation",1 Digital Safety & Security,2 Digital Responsibility,,Education/Reference,Education/Reference,"Popular LMS. Comparable to ClassPoint, Nearpod "
linktr.ee,,,,,,,Social Networking,Advertising/Marketing,
zbschools.sg,1,Reference,5 Digital Information Management,1 Digital Safety & Security,2 Digital Responsibility,,Education/Reference,Education/Reference,"Suggested Cat: Education/Reference

Many schools subscribe for students"
geniebook.com,1,AfL,5 Digital Information Management,1 Digital Safety & Security,2 Digital Responsibility,,Education/Reference,Education/Reference,
ace-learning.com,1,AfL,5 Digital Information Management,1 Digital Safety & Security,2 Digital Responsibility,,Science,Education/Reference,
yahoo.com,,,,,,,Computers & Technology,News/Media,
photos.google.com,,,,,,,Social Networking,Computers & Technology,
disqus.com,1,Comm_Col,"6 Digital Communication, Collaboration & Participation",1 Digital Safety & Security,2 Digital Responsibility,,Advertising/Marketing,Social Networking,
straitstimes.com,1,Reference,5 Digital Information Management,1 Digital Safety & Security,2 Digital Responsibility,,News/Media,News/Media,"Suggested Cat: Education/Reference

Many schools subscribe for students"
chr.sg,,,,,,,Web-based Applications,,
ogs.com.sg,,,,,,,Computers & Technology,Computers & Technology,
stripe.com,,,,,,,Online Banking,Shopping,
uquiz.com,,,,,,,Arts & Entertainment,,
twitter.com,,,,,,,News/Media,Social Networking,
mceduhub.com,1,,,,,,Education/Reference,Education/Reference,
mit.edu,,,,,,,Education/Reference,Computers & Technology,
tlgrm.app,,,,,,,Email and Messaging,Computers & Technology,
nytimes.com,,,,,,,News/Media,News/Media,
chat.com,,,,,,,Computers & Technology,,
roblox.com,,,,,,,Gaming,Gaming,
peardeck.com,1,AfL,"6 Digital Communication, Collaboration & Participation",1 Digital Safety & Security,2 Digital Responsibility,,Education/Reference,Computers & Technology,
loginfra.com,,,,,,,,,
microsoftonline.com,,,,,,,,,
adservice.com,,,,,,,Search Engines & Platforms,Advertising/Marketing,
casalemedia.com,,,,,,,Arts & Entertainment,News/Media,
s0.net,,,,,,,,,
earth.com,,,,,,,Science,Science,
forms.gle,,,,,,,Computers & Technology,,
en.org,,,,,,,,,
settings.gg,,,,,,,Gaming,Gaming,
douyin.com,,,,,,,Arts & Entertainment,Social Networking,
sharepoint.com,,,,,,,Computers & Technology,,
quizlet.com,1,AfL,"6 Digital Communication, Collaboration & Participation",1 Digital Safety & Security,2 Digital Responsibility,,Education/Reference,Computers & Technology,
nlb.gov.sg,1,Reference,5 Digital Information Management,1 Digital Safety & Security,2 Digital Responsibility,,Education/Reference,Arts & Entertainment,
hoyolab.com,,,,,,,Arts & Entertainment,,
bing.com,,,,,,,Education/Reference,,
onenote.com,1,planning_notes,5 Digital Information Management,1 Digital Safety & Security,2 Digital Responsibility,,Computers & Technology,Computers & Technology,Note-taking - usually in conjunction with MS Teams
channelnewsasia.com,,,,,,,News/Media,News/Media,
ticketmaster.sg,,,,,,,Arts & Entertainment,Arts & Entertainment,
quotev.com,,,,,,,Social Networking,Education/Reference,
edu.google.com,1,Create_mm_ideas,"6 Digital Communication, Collaboration & Participation",1 Digital Safety & Security,2 Digital Responsibility,,Education/Reference,Computers & Technology,Gateway URL to Google Apps for Edu
live.com,1,Create_mm_ideas,"6 Digital Communication, Collaboration & Participation",1 Digital Safety & Security,2 Digital Responsibility,,Email and Messaging,Computers & Technology,Gateway URL to MS Office suite for Edu
rgs.edu.sg,,,,,,,Education/Reference,Government & Legal,
duolingo.com,1,AfL,"6 Digital Communication, Collaboration & Participation",1 Digital Safety & Security,1 Digital Safety & Security,,Education/Reference,Education/Reference,
chrome.google.com,,,,,,,Computers & Technology,Computers & Technology,
recaptcha.net,,,,,,,,,
tumblr.com,,,,,,,Blogs/Personal Sites,Social Networking,
go.gov.sg,,,,,,,Government & Legal,Computers & Technology,
onetag-sys.com,,,,,,,Advertising/Marketing,,
3lift.com,,,,,,,Advertising/Marketing,News/Media,
clients6.google.com,,,,,,,,,
xn--80affa3aj0al.xn--80asehdb,,,,,,,Email and Messaging,Computers & Technology,
contacts.google.com,,,,,,,Email and Messaging,Email and Messaging,
adnxs.com,,,,,,,,,
menti.com,1,AfL,"6 Digital Communication, Collaboration & Participation",1 Digital Safety & Security,2 Digital Responsibility,,Computers & Technology,News/Media,
desmos.com,1,Create_mm_ideas,"6 Digital Communication, Collaboration & Participation",7 Data Competencies,1 Digital Safety & Security,,Education/Reference,,Math 
apple.com,,,,,,,Computers & Technology,Computers & Technology,
nearpod.com,1,AfL,"6 Digital Communication, Collaboration & Participation",1 Digital Safety & Security,2 Digital Responsibility,,Education/Reference,Computers & Technology,
libbyshelf.com,1,Reference,5 Digital Information Management,1 Digital Safety & Security,2 Digital Responsibility,,Education/Reference,New/Media,
overdrive.com,1,Reference,5 Digital Information Management,1 Digital Safety & Security,2 Digital Responsibility,,Computers & Technology,Arts & Entertainment,"Suggested Cat: News/Media + Education/Reference

e-Book reader probably for reference "
aniwatch.to,,,,,,,Arts & Entertainment,Arts & Entertainment,
s.com,,,,,,,,,
deepl.com,1,Reference,5 Digital Information Management,1 Digital Safety & Security,2 Digital Responsibility,,Education/Reference,Computers & Technology,Alternative to Google.Translate
lens.google.com,1,Reference,5 Digital Information Management,1 Digital Safety & Security,2 Digital Responsibility,,Search Engines & Platforms,Computers & Technology,
quora.com,,,,,,,Community Sites,Social Networking,
tinyurl.com,,,,,,,Computers & Technology,Web-based Applications,
ads.com,,,,,,,Shopping,,
turnitin.com,1,AfL,"6 Digital Communication, Collaboration & Participation",1 Digital Safety & Security,2 Digital Responsibility,,Education/Reference,Education/Reference,Mainly used by IP/ IB schools
amazon.sg,,,,,,,Shopping,,
microsoft.com,,,,,,,Computers & Technology,News/Media,
gstatic.com,,,,,,,,,
starpub.com.sg,1,Reference,5 Digital Information Management,1 Digital Safety & Security,2 Digital Responsibility,,Business,,
cloudflare.com,,,,,,,Web-based Applications,Computers & Technology,
lijit.com,,,,,,,Advertising/Marketing,,
teams.com,,,,,,,Computers & Technology,Webinars/E-learning,
auth0.com,,,,,,,Computers & Technology,Computers & Technology,
dbp.gov.my,,,,,,,Government & Legal,,
music.com,,,,,,,Arts & Entertainment,,
amazonaws.com,,,,,,,Web-based Applications,Computers & Technology,
nyaacsg.org,,,,,,,,,
classpoint.app,1,AfL,"6 Digital Communication, Collaboration & Participation",1 Digital Safety & Security,2 Digital Responsibility,,Computers & Technology,,
lazada.sg,,,,,,,Shopping,Shopping,
baidu.com,,,,,,,Search Engines & Platforms,,
edgefield.edu.sg,,,,,,,Education/Reference,Computers & Technology,
coolmathgames.com,1,AfL,"6 Digital Communication, Collaboration & Participation",1 Digital Safety & Security,2 Digital Responsibility,,Gaming,Science,
microbit.org,1,Coding,4 Computational Thinking,9 Coding & Programming,8 Device & Software Operations,,Computers & Technology,Computers & Technology,
pwa.us,,,,,,,Financial Services,Health & Medicine,
extensions.dev,,,,,,,Computers & Technology,Computers & Technology,
reddit.com,,,,,,,Community Sites,,
support.google.com,,,,,,,Search Engines & Platforms,Computers & Technology,
edu.com,,,,,,,Science,Education/Reference,
vimeo.com,1,Reference,5 Digital Information Management,1 Digital Safety & Security,2 Digital Responsibility,,Social Networking,Arts & Entertainment,
mathplayground.com,1,AfL,"6 Digital Communication, Collaboration & Participation",1 Digital Safety & Security,2 Digital Responsibility,,Science,Gaming,
roudoduor.com,,,,,,,,,
idp.mims.gov.sg,,,,,,,Education/Reference,,
mothership.sg,1,Reference,5 Digital Information Management,1 Digital Safety & Security,2 Digital Responsibility,,News/Media,News/Media,
deviantart.com,1,Create_mm_ideas,"6 Digital Communication, Collaboration & Participation",1 Digital Safety & Security,2 Digital Responsibility,,Arts & Entertainment,Arts & Entertainment,
app.com,,,,,,,News/Media,News/Media,
login.com,,,,,,,,,
gum.com,,,,,,,,,
colab.research.google.com,1,Coding,9 Coding & Programming,4 Computational Thinking,8 Device & Software Operations,,Computers & Technology,,
slidesgo.com,1,Create_mm_ideas,"6 Digital Communication, Collaboration & Participation",1 Digital Safety & Security,2 Digital Responsibility,,Computers & Technology,Education/Reference,
imrworldwide.com,,,,,,,,,
mangatoto.com,,,,,,,Arts & Entertainment,Arts & Entertainment,
m.com,,,,,,,,,
seab.gov.sg,1,Reference,5 Digital Information Management,1 Digital Safety & Security,2 Digital Responsibility,,Education/Reference,Government & Legal,
happymh.com,,,,,,,Arts & Entertainment,Adult,
kisskh.co,,,,,,,Arts & Entertainment,Arts & Entertainment,
ytssedusg.com,,,,,,,,,
ready.sg,,,,,,,,,
9animetv.to,,,,,,,Arts & Entertainment,Arts & Entertainment,
wattpad.com,1,Create_mm_ideas,"6 Digital Communication, Collaboration & Participation",1 Digital Safety & Security,2 Digital Responsibility,,Computers & Technology,Arts & Entertainment,
xiaohongshu.com,,,,,,,Health & Medicine,Community Sites,
swisscottagesecsg.org,,,,,,,Education/Reference,,
pokemonshowdown.com,,,,,,,Gaming,Gaming,
mewatch.sg,,,,,,,Arts & Entertainment,Arts & Entertainment,
play.com,,,,,,,Shopping,Shopping,
lifeat.io,,,,,,,Computers & Technology,Business,
media.net,,,,,,,Advertising/Marketing,Search Engines & Platforms,
libbyapp.com,1,Reference,5 Digital Information Management,1 Digital Safety & Security,2 Digital Responsibility,,Computers & Technology,Education/Reference,
asurascans.com,,,,,,,Arts & Entertainment,Arts & Entertainment,
disneyplus.com,,,,,,,Arts & Entertainment,Arts & Entertainment,
firebaseapp.com,,,,,,,Web-based Applications,Web-based Applications,
file.so,,,,,,,,,
cambridge.org,,,,,,,Education/Reference,Education/Reference,
addtoany.com,,,,,,,Web-based Applications,,
coffeemanga.io,,,,,,,Arts & Entertainment,Computers & Technology,
smartadserver.com,,,,,,,Advertising/Marketing,Computers & Technology,
wordpress.com,,,,,,,Blogs/Personal Sites,Web-based Applications,
crwdcntrl.net,,,,,,,,,
twitch.tv,,,,,,,Arts & Entertainment,Gaming,
padletcdn.com,1,Comm_Col,"6 Digital Communication, Collaboration & Participation",1 Digital Safety & Security,2 Digital Responsibility,,Arts & Entertainment,,
meet.com,,,,,,,Social Networking,Social Networking,
office.com,,,,,,,Computers & Technology,Computers & Technology,
sensic.net,,,,,,,Web-based Applications,Computers & Technology,
teads.tv,,,,,,,Web-based Applications,Advertising/Marketing,
lichess.org,,,,,,,Gaming,Gaming,
trip.com,,,,,,,Automotive & Transportation,Automotive & Transportation,
watchdocumentaries.com,,,,,,,Arts & Entertainment,Arts & Entertainment,
demdex.net,,,,,,,Arts & Entertainment,,
fanfiction.net,,,,,,,Arts & Entertainment,,
aquamanga.com,,,,,,,Arts & Entertainment,,
bato.to,,,,,,,Arts & Entertainment,,
mangabuddy.com,,,,,,,Arts & Entertainment,,
shein.com,,,,,,,Shopping,Shopping,
tetris.com,,,,,,,Gaming,Arts & Entertainment,
snapchat.com,,,,,,,Social Networking,Computers & Technology,
genius.com,,,,,,,Social Networking,Arts & Entertainment,
grammarly.com,1,Reference,5 Digital Information Management,1 Digital Safety & Security,2 Digital Responsibility,,Arts & Entertainment,Business,
repl.co,,,,,,,Web-based Applications,,
pghub.io,,,,,,,,,
scratch.edu,1,Coding,4 Computational Thinking,9 Coding & Programming,8 Device & Software Operations,,Education/Reference,,
33across.com,,,,,,,Advertising/Marketing,News/Media,
stickyadstv.com,,,,,,,Advertising/Marketing,,
buzzfeed.com,,,,,,,Arts & Entertainment,Arts & Entertainment,
jetpunk.com,,,,,,,Arts & Entertainment,Education/Reference,
thunkable.com,,,,,,,Computers & Technology,Computers & Technology,
shope.ee,,,,,,,Shopping,,
optimizely.com,,,,,,,Computers & Technology,Computers & Technology,
maps.google.com,,,,,,,Education/Reference,Computers & Technology,
a-ads.com,,,,,,,Financial Services,Advertising/Marketing,
xm.com,,,,,,,Financial Services,Financial Services,
chesskid.com,,,,,,,Gaming,Gaming,
moatads.com,,,,,,,,,
gmail.com,1,Comm_Col,"6 Digital Communication, Collaboration & Participation",1 Digital Safety & Security,2 Digital Responsibility,,Email and Messaging,Email and Messaging,
a-mo.net,,,,,,,,,
jamboard.com,1,Comm_Col,"6 Digital Communication, Collaboration & Participation",1 Digital Safety & Security,2 Digital Responsibility,,Computers & Technology,,
storyjumper.com,1,Create_mm_ideas,"6 Digital Communication, Collaboration & Participation",1 Digital Safety & Security,2 Digital Responsibility,,Arts & Entertainment,Business,
soap2day.rs,,,,,,,Arts & Entertainment,Arts & Entertainment,
overmugged.com,,,,,,,Education/Reference,Education/Reference,
replit.com,1,Coding,4 Computational Thinking,9 Coding & Programming,"6 Digital Communication, Collaboration & Participation",,Computers & Technology,Computers & Technology,
mangakakalot.so,,,,,,,Arts & Entertainment,Arts & Entertainment,
fairprice.com.sg,,,,,,,Restaurants & Dining,Shopping,
cdn.com,,,,,,,,,
ir3.xyz,,,,,,,,,
unknown.com,,,,,,,,,
capcut.com,1,Create_mm_ideas,"6 Digital Communication, Collaboration & Participation",1 Digital Safety & Security,2 Digital Responsibility,,Computers & Technology,Computers & Technology,
shinglee.sg,1,Reference,5 Digital Information Management,1 Digital Safety & Security,2 Digital Responsibility,,Education/Reference,,Site for reference but URL is not correct. 
asura.gg,,,,,,,,,
nan.google.com,,,,,,,Computers & Technology,,
form.gov.sg,,,,,,,Government & Legal,Education/Reference,
coolors.co,1,Create_mm_ideas,"6 Digital Communication, Collaboration & Participation",1 Digital Safety & Security,2 Digital Responsibility,,Computers & Technology,Computers & Technology,
weibo.com,,,,,,,Blogs/Personal Sites,Social Networking,
manganelo.tv,,,,,,,Arts & Entertainment,Computers & Technology,
calendar.com,,,,,,,Computers & Technology,Education/Reference,
mathsisfun.com,1,Reference,5 Digital Information Management,1 Digital Safety & Security,2 Digital Responsibility,,Science,Education/Reference,
colorado.edu,1,Reference,5 Digital Information Management,7 Data Competencies,1 Digital Safety & Security,,Education/Reference,,"URL prob split, Cross ref A821"
monkeytype.com,1,AfL,5 Digital Information Management,1 Digital Safety & Security,2 Digital Responsibility,,Computers & Technology,Computers & Technology,
soraapp.com,1,Reference,5 Digital Information Management,1 Digital Safety & Security,2 Digital Responsibility,,Computers & Technology,Computers & Technology,
deck.toys,1,AfL,5 Digital Information Management,1 Digital Safety & Security,2 Digital Responsibility,,Education/Reference,Education/Reference,
bbc.com,1,Reference,5 Digital Information Management,1 Digital Safety & Security,2 Digital Responsibility,,News/Media,Violence,
rhythmplus.io,,,,,,,Arts & Entertainment,Gaming,
archive.org,1,Search_Eval_org_info,5 Digital Information Management,1 Digital Safety & Security,2 Digital Responsibility,,Computers & Technology,,
sgmoe-my.com,,,,,,,,,
koobits.com,1,AfL,5 Digital Information Management,1 Digital Safety & Security,2 Digital Responsibility,,Education/Reference,Education/Reference,
studykaki.com,1,Reference,5 Digital Information Management,1 Digital Safety & Security,2 Digital Responsibility,,Education/Reference,Education/Reference,
scone-pa.clients6.google.com,,,,,,,,,
magma.com,1,Create_mm_ideas,"6 Digital Communication, Collaboration & Participation",1 Digital Safety & Security,2 Digital Responsibility,,Arts & Entertainment,Computers & Technology,
portal.mims.gov.sg,,,,,,,Education/Reference,,
adsrvr.org,,,,,,,Computers & Technology,,
workspace.google.com,1,Comm_Col,"6 Digital Communication, Collaboration & Participation",1 Digital Safety & Security,2 Digital Responsibility,,Computers & Technology,Business,
weverse.io,,,,,,,Social Networking,Arts & Entertainment,
neal.fun,,,,,,,Blogs/Personal Sites,,
88tuition.com,1,Reference,5 Digital Information Management,1 Digital Safety & Security,2 Digital Responsibility,,Education/Reference,Education/Reference,
sync.com,1,Comm_Col,"6 Digital Communication, Collaboration & Participation",1 Digital Safety & Security,2 Digital Responsibility,,Web-based Applications,File Sharing/P2P,
secure-assets.com,,,,,,,,,
chat.google.com,,,,,,,Email and Messaging,Email and Messaging,
myaccount.com,,,,,,,Email and Messaging,Email and Messaging,
stumbleguys.com,,,,,,,Gaming,Gaming,
nas.gov.sg,1,Reference,5 Digital Information Management,1 Digital Safety & Security,2 Digital Responsibility,,Education/Reference,Education/Reference,
zoro.to,,,,,,,,,
beta.ai,,,,,,,,,
dramacool.sr,,,,,,,Arts & Entertainment,Arts & Entertainment,
everestads.net,,,,,,,,,
wuxiap.com,,,,,,,Computers & Technology,Arts & Entertainment,
musescore.com,1,Create_mm_ideas,5 Digital Information Management,1 Digital Safety & Security,2 Digital Responsibility,,Arts & Entertainment,,
comick.app,,,,,,,,,
notability.com,1,Create_mm_ideas,5 Digital Information Management,1 Digital Safety & Security,2 Digital Responsibility,,Computers & Technology,Computers & Technology,
shorturl.at,,,,,,,Computers & Technology,Computers & Technology,
quillbot.com,1,Create_mm_ideas,5 Digital Information Management,1 Digital Safety & Security,2 Digital Responsibility,,Arts & Entertainment,Computers & Technology,
indexww.com,,,,,,,Business,,
animetake.tv,,,,,,,Arts & Entertainment,,
youtu.be,,,,,,,Social Networking,,
ssum-sec.com,,,,,,,,,
ite.edu.sg,,,,,,,Education/Reference,Education/Reference,
for-j.com,,,,,,,Arts & Entertainment,Arts & Entertainment,
dartsearch.net,,,,,,,,,
duboku.fun,,,,,,,,,
gumgum.com,,,,,,,Advertising/Marketing,Web-based Applications,
taboola.com,,,,,,,Advertising/Marketing,Search Engines & Platforms,
zaobao.com.sg,1,Reference,5 Digital Information Management,1 Digital Safety & Security,2 Digital Responsibility,,News/Media,,
bflix.sx,,,,,,,,,
blogspot.com,,,,,,,Blogs/Personal Sites,,
intergient.com,,,,,,,,,
colamanhua.com,,,,,,,Arts & Entertainment,Computers & Technology,
sonobi.com,,,,,,,Computers & Technology,Arts & Entertainment,
flip.com,,,,,,,Education/Reference,Social Networking,
1rx.io,,,,,,,,,
chinesean.com,,,,,,,Search Engines & Platforms,Advertising/Marketing,
69shu.com,,,,,,,Adult,,
mentimeter.com,1,AfL,"6 Digital Communication, Collaboration & Participation",1 Digital Safety & Security,2 Digital Responsibility,,Computers & Technology,,
soundtrap.com,1,Create_mm_ideas,"6 Digital Communication, Collaboration & Participation",1 Digital Safety & Security,2 Digital Responsibility,,Arts & Entertainment,Computers & Technology,
challenges.com,,,,,,,Web-based Applications,,
hdtoday.tv,,,,,,,Arts & Entertainment,Arts & Entertainment,
bash.gg,,,,,,,Gaming,Gaming,
nike.com,,,,,,,Shopping,Shopping,
play.google.com,,,,,,,Computers & Technology,Gaming,
webcamtoy.com,,,,,,,Arts & Entertainment,Computers & Technology,
eus.com,,,,,,,Web-based Applications,,
sharethis.com,,,,,,,Web-based Applications,Web-based Applications,
eresources.gov.sg,1,Reference,5 Digital Information Management,1 Digital Safety & Security,2 Digital Responsibility,,Education/Reference,,URL error: https://eresources.nlb.gov.sg/main
contacts.com,,,,,,,Shopping,,
9anime.to,,,,,,,Arts & Entertainment,,
anahitagirted.uno,,,,,,,,,
asuracomics.com,,,,,,,Arts & Entertainment,Arts & Entertainment,
merlesoda.uno,,,,,,,,,
chapmanganato.com,,,,,,,Arts & Entertainment,,
tetr.io,,,,,,,Gaming,Gaming,
geogebra.org,1,Reference,5 Digital Information Management,7 Data Competencies,1 Digital Safety & Security,,Science,Education/Reference,
pipaffiliates.com,,,,,,,,,
ultimate-guitar.com,,,,,,,Arts & Entertainment,Arts & Entertainment,
dokicloud.one,,,,,,,File Sharing/P2P,Social Networking,
kiksajex.com,,,,,,,,,
nflximg.net,,,,,,,,,
kirka.io,,,,,,,Gaming,Gaming,
withgoogle.com,,,,,,,Search Engines & Platforms,,
technoratimedia.com,,,,,,,,,
flashtalking.com,,,,,,,Advertising/Marketing,Arts & Entertainment,
testpapersfree.com,,,,,,,Education/Reference,Education/Reference,
html.learning.edu.sg,,,,,,,Education/Reference,,
tf.co.kr,,,,,,,News/Media,,
musicca.com,,,,,,,Arts & Entertainment,Arts & Entertainment,
16personalities.com,,,,,,,Arts & Entertainment,Science,
assets.com,,,,,,,,,
geoguessr.com,1,Comm_Col,"6 Digital Communication, Collaboration & Participation",1 Digital Safety & Security,2 Digital Responsibility,,Gaming,Arts & Entertainment,Maybe learning related
chromeexperiments.com,1,Coding,4 Computational Thinking,9 Coding & Programming,1 Digital Safety & Security,,Computers & Technology,Computers & Technology,
poki.com,,,,,,,Gaming,Gaming,
manhuagui.com,,,,,,,Arts & Entertainment,Arts & Entertainment,
singpass.gov.sg,,,,,,,Government & Legal,,
canvas.chrome,,,,,,,,,
dochub.com,,,,,,,Computers & Technology,Computers & Technology,
tinkercad.com,1,Create_mm_ideas,4 Computational Thinking,9 Coding & Programming,8 Device & Software Operations,,Computers & Technology,Computers & Technology,
todayonline.com,1,Reference,5 Digital Information Management,1 Digital Safety & Security,2 Digital Responsibility,,News/Media,News/Media,
dailymotion.com,,,,,,,Arts & Entertainment,Social Networking,
wolvden.com,,,,,,,Gaming,Gaming,
69shuba.com,,,,,,,Adult,,
platform.com,,,,,,,Computers & Technology,Computers & Technology,
littlealchemy2.com,,,,,,,Gaming,Gaming,
miro.com,1,Comm_Col,"6 Digital Communication, Collaboration & Participation",1 Digital Safety & Security,2 Digital Responsibility,,Computers & Technology,Business,
52shuku.vip,,,,,,,Computers & Technology,,
basketball-gm.com,,,,,,,Sports & Recreation,Sports & Recreation,
olevod.com,,,,,,,Arts & Entertainment,Arts & Entertainment,
nyp.edu.sg,,,,,,,Education/Reference,Computers & Technology,
sflix.to,,,,,,,Arts & Entertainment,Arts & Entertainment,
purpleculture.net,,,,,,,Education/Reference,Shopping,
healthline.com,,,,,,,Health & Medicine,Health & Medicine,
flightradar24.com,,,,,,,Automotive & Transportation,Education/Reference,
arduino.cc,1,Coding,4 Computational Thinking,9 Coding & Programming,8 Device & Software Operations,,Computers & Technology,Freeware/Software,
fliphtml5.com,,,,,,,Business,Computers & Technology,
hurawatch.cc,,,,,,,Arts & Entertainment,Arts & Entertainment,
google-bidout-d.net,,,,,,,,,
wikidot.com,,,,,,,Web-based Applications,Education/Reference,
goodreads.com,,,,,,,Social Networking,Arts & Entertainment,
1hd.to,,,,,,,Arts & Entertainment,Arts & Entertainment,
sph.com.sg,,,,,,,News/Media,Advertising/Marketing,
wordlegame.org,1,AfL,"6 Digital Communication, Collaboration & Participation",1 Digital Safety & Security,2 Digital Responsibility,,Gaming,Gaming,
tinyzonetv.se,,,,,,,Arts & Entertainment,Arts & Entertainment,
harimanga.com,,,,,,,Arts & Entertainment,Computers & Technology,
bookcreator.com,1,Create_mm_ideas,"6 Digital Communication, Collaboration & Participation",1 Digital Safety & Security,2 Digital Responsibility,,Education/Reference,Education/Reference,
clients6.com,,,,,,,,,
eb2.com,,,,,,,,,
crazygames.com,,,,,,,Gaming,Gaming,
student.com,,,,,,,Real Estate,Education/Reference,
2048game.com,,,,,,,Gaming,Arts & Entertainment,
help-app.com,,,,,,,,,
8world.com,,,,,,,News/Media,News/Media,
wordcounter.net,1,Create_mm_ideas,"6 Digital Communication, Collaboration & Participation",1 Digital Safety & Security,2 Digital Responsibility,,Arts & Entertainment,Computers & Technology,
superstarteacher.com.sg,,,,,,,Education/Reference,Education/Reference,
thaudray.com,,,,,,,,,
hooktheory.com,1,AfL,"6 Digital Communication, Collaboration & Participation",1 Digital Safety & Security,2 Digital Responsibility,,Arts & Entertainment,Computers & Technology,
play2048.co,,,,,,,Gaming,Gaming,
flickr.com,,,,,,,Social Networking,Arts & Entertainment,
sp.edu.sg,,,,,,,Education/Reference,Computers & Technology,
mediacorp.sg,,,,,,,News/Media,Arts & Entertainment,
js.com,,,,,,,Financial Services,News/Media,
mediavine.com,,,,,,,Advertising/Marketing,Search Engines & Platforms,
dropbox.com,,,,,,,Web-based Applications,File Sharing/P2P,
adobe.com,,,,,,,Computers & Technology,News/Media,
cwp.sg,,,,,,,,,
t.co,,,,,,,Blogs/Personal Sites,Social Networking,
wheelofnames.com,,,,,,,Arts & Entertainment,Computers & Technology,
pixlr.com,1,Create_mm_ideas,"6 Digital Communication, Collaboration & Participation",1 Digital Safety & Security,2 Digital Responsibility,,Computers & Technology,Computers & Technology,
lightnovelpub.com,,,,,,,Arts & Entertainment,Computers & Technology,
woogles.io,,,,,,,Gaming,Gaming,
remove.bg,1,Create_mm_ideas,"6 Digital Communication, Collaboration & Participation",1 Digital Safety & Security,2 Digital Responsibility,,Computers & Technology,Education/Reference,
youtube-nocookie.com,,,,,,,,,
britannica.com,1,Reference,5 Digital Information Management,1 Digital Safety & Security,2 Digital Responsibility,,Education/Reference,Arts & Entertainment,
projector.com,,,,,,,Computers & Technology,,
player.com,,,,,,,,,
outramsecondaryschool2.org,,,,,,,Education/Reference,,
www.yishunsec.edu.sg,,,,,,,Education/Reference,,
novelusb.com,,,,,,,Arts & Entertainment,,
wix.com,,,,,,,Web-based Applications,Web-based Applications,
roots.gov.sg,1,Reference,5 Digital Information Management,1 Digital Safety & Security,2 Digital Responsibility,,Arts & Entertainment,Automotive & Transportation,
cedexis.com,,,,,,,Computers & Technology,Computers & Technology,
loom.com,1,Create_mm_ideas,"6 Digital Communication, Collaboration & Participation",1 Digital Safety & Security,1 Digital Safety & Security,,Computers & Technology,Computers & Technology,
multi-chat.net,,,,,,,Email and Messaging,Computers & Technology,
glad.app,,,,,,,Computers & Technology,,
garticphone.com,,,,,,,Gaming,Gaming,
tp.edu.sg,,,,,,,Education/Reference,Education/Reference,
password-manager.com,,,,,,,,,
koreaboo.com,,,,,,,Arts & Entertainment,Arts & Entertainment,
wordleunlimited.org,1,AfL,"6 Digital Communication, Collaboration & Participation",1 Digital Safety & Security,2 Digital Responsibility,,Gaming,Gaming,
support.com,,,,,,,Computers & Technology,Shopping,
gimkit.com,1,AfL,"6 Digital Communication, Collaboration & Participation",1 Digital Safety & Security,2 Digital Responsibility,,Gaming,Arts & Entertainment,
nhentai.com,,,,,,,Arts & Entertainment,,
loopme.me,,,,,,,,,
case-clicker.com,,,,,,,Gaming,Gaming,
figma.com,1,Create_mm_ideas,"6 Digital Communication, Collaboration & Participation",1 Digital Safety & Security,2 Digital Responsibility,,Computers & Technology,Arts & Entertainment,
keep.com,,,,,,,Health & Medicine,Health & Medicine,
itch.io,,,,,,,Gaming,Gaming,
zinmanga.com,,,,,,,Arts & Entertainment,Computers & Technology,
narrow.one,,,,,,,Gaming,Gaming,
hotjar.com,,,,,,,Web-based Applications,Computers & Technology,
admin.google.com,,,,,,,Email and Messaging,Email and Messaging,
nationalgeographic.com,1,Reference,5 Digital Information Management,1 Digital Safety & Security,2 Digital Responsibility,,Arts & Entertainment,Arts & Entertainment,
microsoftazuread-sso.com,,,,,,,,,
arras.io,,,,,,,Gaming,Gaming,
remnote.com,1,planning_notes,5 Digital Information Management,1 Digital Safety & Security,2 Digital Responsibility,,Computers & Technology,Education/Reference,
u.net,,,,,,,,,
taobao.com,,,,,,,Shopping,,
traderie.com,,,,,,,Computers & Technology,Gaming,
ads.as.com,,,,,,,,,
aniwave.to,,,,,,,Arts & Entertainment,Arts & Entertainment,
nus.edu.sg,,,,,,,Education/Reference,,
combatsiege.com,,,,,,,Gaming,Gaming,
sporcle.com,,,,,,,Arts & Entertainment,Gaming,
minutemedia-prebid.com,,,,,,,,,
xlivrdr.com,,,,,,,,,
reverso.net,1,Reference,5 Digital Information Management,1 Digital Safety & Security,2 Digital Responsibility,,Education/Reference,Education/Reference,
adamphoto.com.sg,,,,,,,Shopping,Shopping,
hetapus.com,,,,,,,,,
wp.com,,,,,,,Blogs/Personal Sites,Web-based Applications,
dictionary.com,1,Reference,5 Digital Information Management,1 Digital Safety & Security,2 Digital Responsibility,,Education/Reference,Education/Reference,
static.com,,,,,,,Web-based Applications,News/Media,
hoyoverse.com,,,,,,,Gaming,Community Sites,
mangareader.to,,,,,,,Arts & Entertainment,Computers & Technology,
cookiebot.com,,,,,,,Arts & Entertainment,Computers & Technology,
addthis.com,,,,,,,Social Networking,,
littlealchemy.com,,,,,,,Gaming,Gaming,
sg.com,,,,,,,,,
scrolller.com,,,,,,,Arts & Entertainment,Arts & Entertainment,
bit.ly,,,,,,,Computers & Technology,Web-based Applications,
contextweb.com,,,,,,,Advertising/Marketing,Health & Medicine,
wizlearn.com,1,AfL,"6 Digital Communication, Collaboration & Participation",1 Digital Safety & Security,2 Digital Responsibility,,Computers & Technology,Education/Reference,
manhwatop.com,,,,,,,Arts & Entertainment,Computers & Technology,
nih.gov,1,Reference,5 Digital Information Management,1 Digital Safety & Security,2 Digital Responsibility,,Health & Medicine,Science,
pokeheroes.com,,,,,,,Gaming,Gaming,
mangairo.com,,,,,,,Arts & Entertainment,,
bloxd.io,,,,,,,Gaming,Gaming,
qiman52.com,,,,,,,,,
evernote.com,1,planning_notes,"6 Digital Communication, Collaboration & Participation",1 Digital Safety & Security,2 Digital Responsibility,,Computers & Technology,Computers & Technology,
pgmall.my,,,,,,,,,
zhenhunxiaoshuo.com,,,,,,,Computers & Technology,,
nacm.xyz,,,,,,,Arts & Entertainment,Arts & Entertainment,
cursive.chrome,,,,,,,,,
ak.com,,,,,,,Gambling,Gaming,
indeed.com,,,,,,,Job Search/Careers,,
yandex.com,,,,,,,Search Engines & Platforms,Computers & Technology,
frvr.com,,,,,,,Gaming,Gaming,
myactivity.google.com,,,,,,,Computers & Technology,Web-based Applications,
kunmanga.com,,,,,,,Arts & Entertainment,Computers & Technology,
admanmedia.com,,,,,,,Advertising/Marketing,,
downloads.com,,,,,,,Freeware/Software,Computers & Technology,
playvideoclub.com,,,,,,,Arts & Entertainment,Arts & Entertainment,
trello.com,1,Comm_Col,"6 Digital Communication, Collaboration & Participation",1 Digital Safety & Security,2 Digital Responsibility,,Computers & Technology,Computers & Technology,
thesaurus.com,1,Reference,5 Digital Information Management,1 Digital Safety & Security,2 Digital Responsibility,,Education/Reference,Education/Reference,
vidoomy.com,,,,,,,Advertising/Marketing,Arts & Entertainment,
queue-it.net,,,,,,,,,
j8ff09dbyo.com,,,,,,,,,
simple-mmo.com,,,,,,,Gaming,Gaming,
smashkarts.io,,,,,,,Gaming,Gaming,
np.edu.sg,,,,,,,Education/Reference,Computers & Technology,
weather.gov.sg,,,,,,,News/Media,,
mangafreak.to,,,,,,,Arts & Entertainment,Arts & Entertainment,
proprofs.com,,,,,,,Computers & Technology,Computers & Technology,
acdn.com,,,,,,,,,
sparknotes.com,1,Reference,5 Digital Information Management,1 Digital Safety & Security,2 Digital Responsibility,,Education/Reference,Arts & Entertainment,
inmobi.com,,,,,,,Advertising/Marketing,Computers & Technology,
typingtest.com,1,AfL,"6 Digital Communication, Collaboration & Participation",1 Digital Safety & Security,2 Digital Responsibility,,Arts & Entertainment,Computers & Technology,
gogoanimes.fi,,,,,,,Arts & Entertainment,Arts & Entertainment,
mangasee123.com,,,,,,,Arts & Entertainment,,
healthhub.sg,1,Reference,5 Digital Information Management,1 Digital Safety & Security,2 Digital Responsibility,,Health & Medicine,Health & Medicine,
myasiantv.cx,,,,,,,Arts & Entertainment,Arts & Entertainment,
coochhastier.top,,,,,,,,,
edpuzzle.com,1,AfL,"6 Digital Communication, Collaboration & Participation",1 Digital Safety & Security,2 Digital Responsibility,,Education/Reference,Education/Reference,
cvastico.com,,,,,,,,,
polytechnic.edu.sg,,,,,,,,,
booking.com,,,,,,,Automotive & Transportation,Automotive & Transportation,
youtubeeducation.com,,,,,,,,,
kami.app,,,,,,,Education/Reference,Education/Reference,
creativecdn.com,,,,,,,Arts & Entertainment,,
sketchup.com,1,Create_mm_ideas,"6 Digital Communication, Collaboration & Participation",1 Digital Safety & Security,2 Digital Responsibility,,Computers & Technology,Computers & Technology,
taroads.com,,,,,,,Advertising/Marketing,Search Engines & Platforms,
luminpdf.com,1,planning_notes,"6 Digital Communication, Collaboration & Participation",1 Digital Safety & Security,2 Digital Responsibility,,Computers & Technology,Computers & Technology,
photos.com,,,,,,,Arts & Entertainment,Arts & Entertainment,
optnx.com,,,,,,,,,
gist.build,,,,,,,Computers & Technology,Advertising/Marketing,
here.fm,,,,,,,Community Sites,Social Networking,
dashnet.org,,,,,,,Gaming,Computers & Technology,
theguardian.com,,,,,,,News/Media,News/Media,
cc.com,,,,,,,Arts & Entertainment,Arts & Entertainment,
litcharts.com,,,,,,,Education/Reference,Arts & Entertainment,
perplexity.ai,1,Reference,5 Digital Information Management,1 Digital Safety & Security,2 Digital Responsibility,,Computers & Technology,Business,
whasiozp.com,,,,,,,,,
megacloud.tv,,,,,,,File Sharing/P2P,Web-based Applications,
readbluelock.com,,,,,,,Arts & Entertainment,Computers & Technology,
thetruesize.com,1,Reference,5 Digital Information Management,1 Digital Safety & Security,2 Digital Responsibility,,Education/Reference,Education/Reference,
torn.com,,,,,,,Arts & Entertainment,,
citationmachine.net,1,Reference,"6 Digital Communication, Collaboration & Participation",1 Digital Safety & Security,2 Digital Responsibility,,Arts & Entertainment,Computers & Technology,
lofter.com,,,,,,,Arts & Entertainment,,
1stkissmanga.me,,,,,,,Arts & Entertainment,Arts & Entertainment,
wordplay.com,,,,,,,Gaming,Gaming,
firebaseio.com,,,,,,,,,
humanbenchmark.com,,,,,,,Gaming,Arts & Entertainment,
tapjoyads.com,,,,,,,,,
lens.com,,,,,,,Health & Medicine,,
etsy.com,,,,,,,Shopping,,
artsandculture.google.com,1,Reference,5 Digital Information Management,1 Digital Safety & Security,2 Digital Responsibility,,Arts & Entertainment,Arts & Entertainment,
izzygames.com,,,,,,,Gaming,Gaming,
skribbl.io,,,,,,,Gaming,Gaming,
twoplayergames.org,,,,,,,Gaming,Gaming,
sli.do,1,AfL,"6 Digital Communication, Collaboration & Participation",1 Digital Safety & Security,2 Digital Responsibility,,Arts & Entertainment,Social Networking,
tags.net,,,,,,,,,
webnovel.com,,,,,,,Computers & Technology,Arts & Entertainment,
hetushu.com,,,,,,,Computers & Technology,Arts & Entertainment,
carrd.co,,,,,,,,,
ookroush.com,,,,,,,,,
binomnet.com,,,,,,,,,
all2048.com,,,,,,,Gaming,Gaming,
veed.io,,,,,,,Computers & Technology,Computers & Technology,
softonic.com,,,,,,,Computers & Technology,Freeware/Software,
photopea.com,,,,,,,Computers & Technology,Computers & Technology,
mangapill.com,,,,,,,Arts & Entertainment,Computers & Technology,
naver.com,,,,,,,News/Media,,
toyhou.se,,,,,,,Community Sites,Gaming,
wordtune.com,1,Create_mm_ideas,"6 Digital Communication, Collaboration & Participation",1 Digital Safety & Security,2 Digital Responsibility,,Computers & Technology,Computers & Technology,
daycomics.com,,,,,,,Arts & Entertainment,,
xiaobaotv.net,,,,,,,,,
appspot.com,,,,,,,Web-based Applications,Computers & Technology,
aliexpress.com,,,,,,,Shopping,,
imdb.com,,,,,,,Arts & Entertainment,Arts & Entertainment,
omgt3.com,,,,,,,,,
manganato.com,,,,,,,Arts & Entertainment,Computers & Technology,
script.google.com,,,,,,,Computers & Technology,Computers & Technology,
shhchack.digital,,,,,,,,,
dashboard.com,,,,,,,,,
awin1.com,,,,,,,Search Engines & Platforms,,
dubzenom.com,,,,,,,,,
weebly.com,,,,,,,Web-based Applications,Web-based Applications,
potsaglu.net,,,,,,,,,
act.com,,,,,,,Computers & Technology,Advertising/Marketing,
ap.com,,,,,,,Computers & Technology,Computers & Technology,
sgcarmart.com,,,,,,,Automotive & Transportation,Automotive & Transportation,
hdb.gov.sg,,,,,,,Arts & Entertainment,Government & Legal,
dogars.org,,,,,,,,,
mangahub.io,,,,,,,,,
typeracer.com,,,,,,,Gaming,Computers & Technology,
janisoninsights.com,,,,,,,Education/Reference,Education/Reference,
toonily.com,,,,,,,Arts & Entertainment,Computers & Technology,
studio.com,,,,,,,Arts & Entertainment,Education/Reference,
wordwall.net,,,,,,,Education/Reference,,
animedao.to,,,,,,,Arts & Entertainment,,
aftershockpc.com,,,,,,,Computers & Technology,Computers & Technology,
goku.sx,,,,,,,Arts & Entertainment,Arts & Entertainment,
freetestpaper.com,,,,,,,Education/Reference,Education/Reference,
fendiplay.com,,,,,,,Gaming,Gaming,
exams.sg,,,,,,,Education/Reference,,
cineb.rs,,,,,,,Arts & Entertainment,Arts & Entertainment,
vlr.gg,,,,,,,Gaming,Community Sites,
blogger.com,,,,,,,Blogs/Personal Sites,,
watchparty.me,,,,,,,Arts & Entertainment,Social Networking,
hgss.org,,,,,,,,,
aax-fe-sin.com,,,,,,,,,
khanacademy.org,1,Reference,5 Digital Information Management,1 Digital Safety & Security,2 Digital Responsibility,,Education/Reference,Education/Reference,
kbhgames.com,,,,,,,Gaming,Gaming,
radar.com,,,,,,,Computers & Technology,Education/Reference,
customink.com,,,,,,,Shopping,Shopping,
adcanvas.com,,,,,,,Advertising/Marketing,Search Engines & Platforms,
singaporeair.com,,,,,,,Automotive & Transportation,,
adblock-zen-download.com,,,,,,,,,
merriam-webster.com,1,Reference,5 Digital Information Management,1 Digital Safety & Security,2 Digital Responsibility,,Education/Reference,Education/Reference,
flixhq.to,,,,,,,Arts & Entertainment,Arts & Entertainment,
oxfordlearnersdictionaries.com,1,Reference,5 Digital Information Management,1 Digital Safety & Security,2 Digital Responsibility,,Education/Reference,Education/Reference,
invl.io,,,,,,,Computers & Technology,Automotive & Transportation,
sephora.sg,,,,,,,Health & Medicine,Shopping,
gallup.com,,,,,,,Financial Services,Business,
wikihow.com,,,,,,,Education/Reference,,
turbowarp.org,1,Coding,9 Coding & Programming,4 Computational Thinking,1 Digital Safety & Security,,,,
frenchguys.net,,,,,,,,,
theflixer.tv,,,,,,,Arts & Entertainment,Arts & Entertainment,
tournamentsoftware.com,,,,,,,Sports & Recreation,Computers & Technology,
richaudience.com,,,,,,,Advertising/Marketing,Advertising/Marketing,
openstreetmap.org,,,,,,,Education/Reference,Computers & Technology,
xklxsw.com,,,,,,,,,
gv.com.sg,,,,,,,Gaming,Community Sites,
agoda.com,,,,,,,Automotive & Transportation,Automotive & Transportation,
amt.edu.au,,,,,,,Science,Sports & Recreation,
atsg.me,,,,,,,,,
shiiyu.moe,,,,,,,Gaming,Gaming,
symbolab.com,1,Create_mm_ideas,"6 Digital Communication, Collaboration & Participation",1 Digital Safety & Security,2 Digital Responsibility,,Education/Reference,Science,
byjus.com,,,,,,,Education/Reference,Education/Reference,
adpointrtb.com,,,,,,,,,
z.com,,,,,,,Financial Services,Financial Services,
adthrive.com,,,,,,,Advertising/Marketing,News/Media,
jezevec10.com,,,,,,,Gaming,Gaming,
tamilgun.ninja,,,,,,,Arts & Entertainment,Arts & Entertainment,
omguk.com,,,,,,,,,
gogoanime.bid,,,,,,,Arts & Entertainment,Arts & Entertainment,
tvtropes.org,,,,,,,Arts & Entertainment,Arts & Entertainment,
ahaslides.com,,,,,,,Computers & Technology,Computers & Technology,
tripadvisor.com.sg,,,,,,,Automotive & Transportation,Automotive & Transportation,
aka.ms,,,,,,,,,
bandit.rip,,,,,,,Gaming,Gaming,
premierleague.com,,,,,,,Sports & Recreation,News/Media,
sportsschool.edu.sg,,,,,,,Sports & Recreation,Education/Reference,
smaato.net,,,,,,,,,
adkernel.com,,,,,,,Advertising/Marketing,Advertising/Marketing,
fifarenderz.com,,,,,,,Sports & Recreation,Sports & Recreation,
herokuapp.com,,,,,,,,,
exdynsrv.com,,,,,,,,,
ad.com,,,,,,,Advertising/Marketing,Search Engines & Platforms,
nyc.gov.sg,,,,,,,Sports & Recreation,Government & Legal,
myprotein.com.sg,,,,,,,Health & Medicine,Health & Medicine,
granbluefantasy.jp,,,,,,,Gaming,Gaming,
artfight.net,,,,,,,Arts & Entertainment,Gaming,
battwo.com,,,,,,,Arts & Entertainment,Computers & Technology,
c.sg,,,,,,,,,
s2manga.com,,,,,,,Arts & Entertainment,Computers & Technology,
tynt.com,,,,,,,Web-based Applications,,
linkedin.com,,,,,,,Social Networking,,
quizexpo.com,,,,,,,Arts & Entertainment,,
pokefarm.com,,,,,,,Gaming,Gaming,
callofwar.com,,,,,,,Computers & Technology,Gaming,
enzymic.co,,,,,,,Advertising/Marketing,,
studysmarter.de,,,,,,,Computers & Technology,Education/Reference,
yabla.com,,,,,,,Education/Reference,Arts & Entertainment,
adforgames.com,,,,,,,Advertising/Marketing,Gaming,
nparks.gov.sg,,,,,,,Home & Garden,Government & Legal,
animesuge.to,,,,,,,Arts & Entertainment,Arts & Entertainment,
joinpd.com,,,,,,,,,
viu.com,,,,,,,Arts & Entertainment,Social Networking,
playwire.com,,,,,,,Advertising/Marketing,Advertising/Marketing,
soundbible.com,,,,,,,Arts & Entertainment,,
gamedistribution.com,,,,,,,Gaming,Computers & Technology,
word.tips,,,,,,,Gaming,Gaming,
vocaroo.com,,,,,,,Computers & Technology,Computers & Technology,
consentmanager.net,,,,,,,Arts & Entertainment,Computers & Technology,
jklm.fun,,,,,,,Gaming,Gaming,
topmanhua.com,,,,,,,Arts & Entertainment,Computers & Technology,
books.google.com,,,,,,,Search Engines & Platforms,Computers & Technology,
sgphysicsleague.org,,,,,,,Science,Education/Reference,
sg.search.com,,,,,,,Search Engines & Platforms,Arts & Entertainment,
360yield.com,,,,,,,,,
chromedino.com,,,,,,,Gaming,Gaming,
klook.com,,,,,,,,,
ytss.org,,,,,,,,,
weston.com.sg,,,,,,,Sports & Recreation,News/Media,
autodesk.com,,,,,,,Computers & Technology,Computers & Technology,
new-tab-page.com,,,,,,,,,
picrew.me,,,,,,,Computers & Technology,Community Sites,
geforcenow.com,,,,,,,Computers & Technology,Web-based Applications,
ezhishi.net,,,,,,,,,
cloudconvert.com,,,,,,,Computers & Technology,Computers & Technology,
novelupdates.com,,,,,,,Arts & Entertainment,Computers & Technology,
feed.io,,,,,,,,,
ufreegames.com,,,,,,,Gaming,Gaming,
iq.com,,,,,,,Arts & Entertainment,Arts & Entertainment,
ebay.com,,,,,,,Shopping,Shopping,
kissasian.link,,,,,,,Arts & Entertainment,Arts & Entertainment,
razer.com,,,,,,,Computers & Technology,News/Media,
scribd.com,,,,,,,Computers & Technology,File Sharing/P2P,
eatbook.sg,,,,,,,Restaurants & Dining,Restaurants & Dining,
tapad.com,,,,,,,News/Media,,
wixsite.com,,,,,,,Web-based Applications,,
artsandculture.com,,,,,,,,,
animepahe.ru,,,,,,,Arts & Entertainment,,
chrome.com,,,,,,,Computers & Technology,Computers & Technology,
yellowblue.io,,,,,,,,,
messenger.com,,,,,,,Social Networking,,
hpb.gov.sg,,,,,,,Government & Legal,Health & Medicine,
genial.ly,,,,,,,Computers & Technology,Computers & Technology,
primevideo.com,,,,,,,Shopping,Arts & Entertainment,
liadm.com,,,,,,,,,
picsart.com,,,,,,,Computers & Technology,Computers & Technology,
webk.org,,,,,,,,,
pokemon-smash-or-pass.com,,,,,,,Gaming,Arts & Entertainment,
socrative.com,,,,,,,Education/Reference,Computers & Technology,
friv.com,,,,,,,Gaming,Arts & Entertainment,
e-planning.net,,,,,,,Advertising/Marketing,Advertising/Marketing,
outbrain.com,,,,,,,Web-based Applications,Search Engines & Platforms,
ecosia.org,,,,,,,Arts & Entertainment,Search Engines & Platforms,
omnitagjs.com,,,,,,,,,
lumpty.com,,,,,,,Education/Reference,Computers & Technology,
yimg.com,,,,,,,,,
create.it,,,,,,,,,
mangageko.com,,,,,,,Arts & Entertainment,,
omegle.com,,,,,,,Community Sites,Social Networking,
onedrive.com,,,,,,,Web-based Applications,Computers & Technology,
servenobid.com,,,,,,,,,
smugmug.com,,,,,,,Social Networking,Social Networking,
cchms.org,,,,,,,,,
itponytaa.com,,,,,,,,,
zorox.to,,,,,,,Arts & Entertainment,Arts & Entertainment,
mangafire.to,,,,,,,Arts & Entertainment,,
readcomiconline.li,,,,,,,Arts & Entertainment,Computers & Technology,
everskies.com,,,,,,,Sports & Recreation,,
goodnotes.com,,,,,,,Computers & Technology,Business,
movies2watch.tv,,,,,,,Arts & Entertainment,Arts & Entertainment,
brantsteele.net,,,,,,,Computers & Technology,Gaming,
guidinglight.org.sg,,,,,,,,,
mangagg.com,,,,,,,Arts & Entertainment,Computers & Technology,
jujustukaisen.com,,,,,,,Arts & Entertainment,Computers & Technology,
pandasnovel.com,,,,,,,Computers & Technology,Arts & Entertainment,
decathlon.sg,,,,,,,Sports & Recreation,Shopping,
shengsiong.com.sg,,,,,,,Restaurants & Dining,Restaurants & Dining,
redcross.sg,,,,,,,Religion & Spirituality,,
zhihu.com,,,,,,,News/Media,Arts & Entertainment,
ranobes.top,,,,,,,Computers & Technology,Arts & Entertainment,
123moviesfree.net,,,,,,,Arts & Entertainment,Arts & Entertainment,
slopeunblocked.online,,,,,,,Gaming,Gaming,
forbes.com,,,,,,,News/Media,News/Media,
lta.gov.sg,,,,,,,Government & Legal,Automotive & Transportation,
chrome-untrusted.com,,,,,,,,,
calculator.net,,,,,,,Education/Reference,Science,
ssbsync.com,,,,,,,,,
anix.to,,,,,,,,,
formula1.com,,,,,,,Sports & Recreation,News/Media,
g123.jp,,,,,,,Gaming,Arts & Entertainment,
onlinesoccermanager.com,,,,,,,Sports & Recreation,Gaming,
cdn-gl.com,,,,,,,,,
passwords.google.com,,,,,,,Computers & Technology,Computers & Technology,
xbiquge.bz,,,,,,,Computers & Technology,,
makecode.com,,,,,,,Computers & Technology,Computers & Technology,
whoursie.com,,,,,,,,,
freepik.com,,,,,,,Computers & Technology,Community Sites,
pokemondb.net,,,,,,,Gaming,Gaming,
construct.net,,,,,,,Computers & Technology,Computers & Technology,
shaw.sg,,,,,,,Arts & Entertainment,Arts & Entertainment,
qq.com,,,,,,,News/Media,Computers & Technology,
shubaow.net,,,,,,,,,
study.com,,,,,,,Education/Reference,Education/Reference,
wikimedia.org,,,,,,,Education/Reference,Education/Reference,
yishunsec.edu.sg,,,,,,,,,
formative.com,,,,,,,Education/Reference,Education/Reference,
itskiddien.club,,,,,,,,,
rapid-cloud.co,,,,,,,File Sharing/P2P,Social Networking,
paypal.com,,,,,,,Online Banking,Shopping,
clipchamp.com,,,,,,,Computers & Technology,Education/Reference,
allfreenovel.com,,,,,,,Computers & Technology,Adult,
scholar.google.com,,,,,,,,,
manhuahot.com,,,,,,,Arts & Entertainment,Computers & Technology,
prebid.net,,,,,,,Search Engines & Platforms,Advertising/Marketing,
youdao.com,,,,,,,Education/Reference,Education/Reference,
tcr9i.chat.com,,,,,,,,,
lightnovelworld.com,,,,,,,Arts & Entertainment,Computers & Technology,
tome.app,,,,,,,Computers & Technology,Business,
sharethrough.com,,,,,,,Advertising/Marketing,Computers & Technology,
95urbehxy2dh.top,,,,,,,Web-based Applications,,
indify.co,,,,,,,Social Networking,Social Networking,
slopegame.io,,,,,,,Gaming,Gaming,
proffering.xyz,,,,,,,,,
cnn.com,,,,,,,News/Media,Arts & Entertainment,
everesttech.net,,,,,,,,,
mojim.com,,,,,,,Arts & Entertainment,Arts & Entertainment,
asiaone.com,,,,,,,News/Media,Computers & Technology,
aggie.io,,,,,,,Arts & Entertainment,Computers & Technology,
sg-config.net,,,,,,,,,
cint.com,,,,,,,Advertising/Marketing,Computers & Technology,
unscrambleit.net,,,,,,,Gaming,Gaming,
brilliant.org,,,,,,,Education/Reference,Computers & Technology,
fmovies.ps,,,,,,,Arts & Entertainment,Arts & Entertainment,
inature.space,,,,,,,,,
researchgate.net,,,,,,,Science,Education/Reference,
sitescout.com,,,,,,,,,
vidstream.pro,,,,,,,,,
vclock.com,,,,,,,Education/Reference,Computers & Technology,
washingtonpost.com,,,,,,,News/Media,News/Media,
rp.edu.sg,,,,,,,,,
skype.com,,,,,,,Email and Messaging,News/Media,
ikea.com,,,,,,,Home & Garden,Shopping,
cubari.moe,,,,,,,Arts & Entertainment,Computers & Technology,
sciencedirect.com,,,,,,,Science,Education/Reference,
mindmeister.com,,,,,,,Computers & Technology,Computers & Technology,
ubg365.io,,,,,,,,,
mangaclash.com,,,,,,,Arts & Entertainment,Computers & Technology,
bwfbadminton.com,,,,,,,Sports & Recreation,Sports & Recreation,
crunchyroll.com,,,,,,,Arts & Entertainment,Gaming,
autologon.com,,,,,,,,,
rule34.us,,,,,,,Arts & Entertainment,Social Networking,
smartguppy.com,,,,,,,Education/Reference,Education/Reference,
qualtrics.com,,,,,,,Computers & Technology,Computers & Technology,
kazwire.com,,,,,,,Gaming,Gaming,
phet.edu,1,Reference,5 Digital Information Management,7 Data Competencies,1 Digital Safety & Security,,Education/Reference,,URL has prob been split. Cross ref A264
propertyguru.com.sg,,,,,,,,,
download-adblock-zen.com,,,,,,,,,
st.com,,,,,,,,,
bookmarks.tw,,,,,,,Computers & Technology,Arts & Entertainment,
typingclub.com,,,,,,,Computers & Technology,Computers & Technology,
green-resultsbid.com,,,,,,,,,
whiteboard.fi,1,Comm_Col,"6 Digital Communication, Collaboration & Participation",1 Digital Safety & Security,2 Digital Responsibility,,Education/Reference,Education/Reference,Part of Kahoot! suite of tools
mangabtt.com,,,,,,,Arts & Entertainment,Computers & Technology,
maps.com,,,,,,,Education/Reference,Health & Medicine,
coggle.it,1,Create_mm_ideas,"6 Digital Communication, Collaboration & Participation",1 Digital Safety & Security,2 Digital Responsibility,,Computers & Technology,Computers & Technology,
adtelligent.com,,,,,,,Advertising/Marketing,News/Media,
shopify.com,,,,,,,Shopping,Computers & Technology,
voxiom.io,,,,,,,Gaming,Gaming,
contextual.net,,,,,,,Web-based Applications,,
minesweeper.online,,,,,,,Gaming,Gaming,
kamiapp.com,,,,,,,Education/Reference,Computers & Technology,References Kamihq and Kamiapp coded earlier
kprofiles.com,,,,,,,Arts & Entertainment,Arts & Entertainment,
myflixer.ru,,,,,,,,,
id.com,,,,,,,Computers & Technology,Computers & Technology,
tamildhool.net,,,,,,,Arts & Entertainment,Arts & Entertainment,
mathpapa.com,1,Reference,5 Digital Information Management,1 Digital Safety & Security,2 Digital Responsibility,,Science,Education/Reference,
msn.com,,,,,,,Email and Messaging,,
ct.com,,,,,,,Financial Services,News/Media,
waufooke.com,,,,,,,,,
googletagmanager.com,,,,,,,,,
nhb.gov.sg,1,Reference,5 Digital Information Management,1 Digital Safety & Security,2 Digital Responsibility,,Education/Reference,Government & Legal,
instructure.com,,,,,,,Computers & Technology,Education/Reference,Parent company of Canvas
stockx.com,,,,,,,Shopping,Shopping,
zoroto.tv,,,,,,,Arts & Entertainment,Arts & Entertainment,
radioonlinehd.net,,,,,,,,,
allkpop.com,,,,,,,Arts & Entertainment,Arts & Entertainment,
beetoon.net,,,,,,,Arts & Entertainment,Computers & Technology,
afodreet.net,,,,,,,,,
zaojv.com,,,,,,,Education/Reference,Education/Reference,
rapidtables.com,1,Create_mm_ideas,"6 Digital Communication, Collaboration & Participation",1 Digital Safety & Security,2 Digital Responsibility,,Education/Reference,Computers & Technology,
brainscape.com,1,planning_notes,"6 Digital Communication, Collaboration & Participation",1 Digital Safety & Security,2 Digital Responsibility,,Education/Reference,Computers & Technology,
icloud.com,,,,,,,Web-based Applications,Computers & Technology,
elgoog.im,,,,,,,Search Engines & Platforms,Gaming,
dco-assets.net,,,,,,,,,
beritaharian.sg,1,Reference,5 Digital Information Management,1 Digital Safety & Security,2 Digital Responsibility,,News/Media,,
iole.tv,,,,,,,Arts & Entertainment,Arts & Entertainment,
cookieclicker.one,,,,,,,Gaming,Gaming,
discordapp.com,,,,,,,Community Sites,Email and Messaging,Coded eariler
shutterstock.com,1,Reference,5 Digital Information Management,1 Digital Safety & Security,2 Digital Responsibility,,Shopping,Arts & Entertainment,
cloudfront.net,,,,,,,,,
stripchat.com,,,,,,,Adult,,
adsco.re,,,,,,,,,
grow.me,,,,,,,Home & Garden,Automotive & Transportation,Error in categorisation. Grow.me is a behavioral coaching tool
pizz.uno,,,,,,,Gaming,Gaming,
slideshare.net,1,Reference,5 Digital Information Management,1 Digital Safety & Security,2 Digital Responsibility,,Computers & Technology,Business,
janitorai.com,,,,,,,Gaming,Gaming,
ssc-cms.com,,,,,,,,,
doomedchurrip.space,,,,,,,,,
brandymelville.com,,,,,,,Arts & Entertainment,Alcohol,
ups.analytics.com,,,,,,,,,
plus500.com,,,,,,,Financial Services,Financial Services,
flipgrid.com,1,Comm_Col,"6 Digital Communication, Collaboration & Participation",1 Digital Safety & Security,2 Digital Responsibility,,Education/Reference,Social Networking,
sina.cn,,,,,,,News/Media,Computers & Technology,
epub.pub,,,,,,,Computers & Technology,,
medium.com,1,Reference,5 Digital Information Management,1 Digital Safety & Security,2 Digital Responsibility,,Arts & Entertainment,News/Media,
vnovel.org,,,,,,,,,
y8.com,,,,,,,Gaming,Gaming,
fancade.com,,,,,,,Gaming,Gaming,
readm.org,,,,,,,Arts & Entertainment,Computers & Technology,
sandspiel.club,,,,,,,Gaming,Gaming,
googlevideo.com,,,,,,,,,
pixabay.com,,,,,,,Shopping,Arts & Entertainment,
radicalred.net,,,,,,,,,
kingdomofloathing.com,,,,,,,Gaming,Gaming,
adtng.com,,,,,,,,,
svc.ms,,,,,,,,,
geometryspot.com,1,Reference,5 Digital Information Management,1 Digital Safety & Security,2 Digital Responsibility,,Science,Education/Reference,
novelbin.org,,,,,,,Computers & Technology,Arts & Entertainment,
flixtor.id,,,,,,,,,
adform.net,,,,,,,,,
smiletutor.sg,,,,,,,Education/Reference,Education/Reference,
dopebox.to,,,,,,,Arts & Entertainment,Arts & Entertainment,
subway-surfers.org,,,,,,,Gaming,Gaming,
whiteboardfox.com,1,Comm_Col,"6 Digital Communication, Collaboration & Participation",1 Digital Safety & Security,2 Digital Responsibility,,Education/Reference,Computers & Technology,
mangaread.org,,,,,,,Arts & Entertainment,Computers & Technology,
bingewatch.to,,,,,,,Arts & Entertainment,Arts & Entertainment,
bfmio.com,,,,,,,,,
sohu.com,,,,,,,News/Media,Computers & Technology,
shellshock.io,,,,,,,Gaming,Gaming,
kuaikanmanhua.com,,,,,,,Arts & Entertainment,Arts & Entertainment,
a17126690382.cdn.com,,,,,,,,,
mangahasu.se,,,,,,,Arts & Entertainment,,
sg101.gov.sg,1,Reference,5 Digital Information Management,1 Digital Safety & Security,2 Digital Responsibility,,Government & Legal,Arts & Entertainment,
tcbscans.com,,,,,,,Arts & Entertainment,Computers & Technology,
uniqlo.com,,,,,,,Shopping,Shopping,
163.com,,,,,,,,,
amplifyapp.com,,,,,,,,,
mims.gov.sg,,,,,,,,,
ica.gov.sg,,,,,,,Government & Legal,Government & Legal,
wixmp.com,,,,,,,,,
news.google.com,1,Reference,5 Digital Information Management,1 Digital Safety & Security,2 Digital Responsibility,,Search Engines & Platforms,Computers & Technology,
comiko.net,,,,,,,Arts & Entertainment,Arts & Entertainment,
soundcloud.com,,,,,,,Arts & Entertainment,,
ea.com,,,,,,,Computers & Technology,Computers & Technology,
medicalnewstoday.com,1,Reference,5 Digital Information Management,1 Digital Safety & Security,2 Digital Responsibility,,Health & Medicine,News/Media,
colamanga.com,,,,,,,Computers & Technology,,
tiermaker.com,,,,,,,Gaming,Gaming,
yieldmo.com,,,,,,,Advertising/Marketing,Computers & Technology,
tr.com,,,,,,,Computers & Technology,Government & Legal,
paper-io.com,,,,,,,Gaming,Gaming,
tenor.com,,,,,,,Community Sites,,
workspace.com,,,,,,,,,
void-scans.com,,,,,,,Arts & Entertainment,Arts & Entertainment,
mygomp3.com,,,,,,,Arts & Entertainment,,
mangapark.net,,,,,,,Arts & Entertainment,Computers & Technology,
search.com,,,,,,,Search Engines & Platforms,Arts & Entertainment,
cbr.com,,,,,,,Arts & Entertainment,Arts & Entertainment,
samsung.com,,,,,,,Computers & Technology,News/Media,
gogoanimehd.to,,,,,,,,,
smogon.com,,,,,,,Gaming,Gaming,
js-sec.com,,,,,,,,,
krmerchs.com,,,,,,,Arts & Entertainment,Arts & Entertainment,
jstor.org,1,Reference,5 Digital Information Management,1 Digital Safety & Security,2 Digital Responsibility,,Education/Reference,Education/Reference,
genshin.gg,,,,,,,Gaming,Arts & Entertainment,
sethiteblindly.guru,,,,,,,,,
blockadsnot.com,,,,,,,,,
uukanshu.com,,,,,,,Computers & Technology,,
cpstest.org,,,,,,,Gaming,Computers & Technology,
brainlyads.com,,,,,,,,,
innovid.com,,,,,,,Advertising/Marketing,News/Media,
adoptmetradingvalues.com,,,,,,,Gaming,Gaming,
anime-planet.com,,,,,,,Arts & Entertainment,,
critical-thought.com,,,,,,,Education/Reference,Education/Reference,
mydramalist.com,,,,,,,Arts & Entertainment,Arts & Entertainment,
www.hillgrovesec.edu.sg,,,,,,,,,
prezi.com,1,Create_mm_ideas,"6 Digital Communication, Collaboration & Participation",1 Digital Safety & Security,2 Digital Responsibility,,Computers & Technology,Business,
ihuaben.com,,,,,,,Computers & Technology,,
bulbagarden.net,,,,,,,Arts & Entertainment,Gaming,
now.gg,,,,,,,Gaming,Gaming,
edupage.org,,,,,,,Computers & Technology,Education/Reference,
bard.google.com,1,Search_Eval_org_info,5 Digital Information Management,3 Digital Knowledge Currency,1 Digital Safety & Security,,Search Engines & Platforms,Computers & Technology,
hiberworld.com,,,,,,,Social Networking,Community Sites,
undertone.com,,,,,,,,,
redditmedia.com,1,Reference,5 Digital Information Management,1 Digital Safety & Security,2 Digital Responsibility,,Community Sites,,
istockphoto.com,,,,,,,Shopping,Arts & Entertainment,
trinket.io,1,Coding,4 Computational Thinking,9 Coding & Programming,1 Digital Safety & Security,,Computers & Technology,Computers & Technology,
manga4life.com,,,,,,,Arts & Entertainment,,
scone-pa.clients6.com,,,,,,,,,
nea.gov.sg,1,Reference,5 Digital Information Management,1 Digital Safety & Security,2 Digital Responsibility,,Government & Legal,Arts & Entertainment,
kialo-edu.com,1,Comm_Col,"6 Digital Communication, Collaboration & Participation",1 Digital Safety & Security,2 Digital Responsibility,,Education/Reference,Education/Reference,
battledudes.io,,,,,,,Gaming,Gaming,
gogoanime2.org,,,,,,,Arts & Entertainment,Arts & Entertainment,
ev01.sx,,,,,,,Arts & Entertainment,Arts & Entertainment,
geometrydash.io,,,,,,,Gaming,Gaming,
casetify.com,,,,,,,Computers & Technology,Computers & Technology,
porsche.com,,,,,,,Automotive & Transportation,,
programiz.com,1,Coding,4 Computational Thinking,9 Coding & Programming,1 Digital Safety & Security,,Computers & Technology,Computers & Technology,
kinokuniya.com,,,,,,,Shopping,Arts & Entertainment,
scdf.gov.sg,,,,,,,Government & Legal,Government & Legal,
ardunorwest.life,,,,,,,,,
ri.edu.sg,,,,,,,Education/Reference,Education/Reference,
cesoid.com,,,,,,,Arts & Entertainment,Gaming,
myanimelist.net,,,,,,,Arts & Entertainment,Community Sites,
player03.com,,,,,,,Gaming,Computers & Technology,
businessinsider.com,,,,,,,News/Media,News/Media,
script.com,,,,,,,,,
for.edu.sg,,,,,,,Education/Reference,,
airbnb.com.sg,,,,,,,Automotive & Transportation,Automotive & Transportation,
omny.fm,,,,,,,Arts & Entertainment,,
mobileguardian.com,,,,,,,Computers & Technology,Computers & Technology,
nivod4.tv,,,,,,,Arts & Entertainment,Arts & Entertainment,
hoglinsu.com,,,,,,,,,
cbc.ca,1,Reference,5 Digital Information Management,1 Digital Safety & Security,2 Digital Responsibility,,News/Media,Arts & Entertainment,
yugenanime.tv,,,,,,,Arts & Entertainment,Arts & Entertainment,
m5stack.com,,,,,,,Computers & Technology,Computers & Technology,
bestmatchproduce.com,,,,,,,Social Networking,Social Networking,
sudoku.com,,,,,,,Arts & Entertainment,Gaming,
quill.org,1,Reference,5 Digital Information Management,1 Digital Safety & Security,2 Digital Responsibility,,Arts & Entertainment,Education/Reference,
lolbeans.io,,,,,,,Gaming,Gaming,
scribbr.com,,,,,,,Business,Arts & Entertainment,
mercari.com,,,,,,,Shopping,Shopping,
trex-runner.com,,,,,,,Gaming,Gaming,
einthusan.tv,,,,,,,Arts & Entertainment,,
abasshowish.guru,,,,,,,,,